<profile version="1.0">
  <option name="myName" value="Default" />
  <inspection_tool class="DuplicatedCode" enabled="false" level="WEAK WARNING" enabled_by_default="false">
    <Languages>
      <language minSize="47" name="Python" />
    </Languages>
  </inspection_tool>
  <inspection_tool class="Eslint" enabled="true" level="WARNING" enabled_by_default="true" />
  <inspection_tool class="PyPackageRequirementsInspection" enabled="false" level="WARNING" enabled_by_default="false">
    <option name="ignoredPackages">
      <value>
        <list size="6">
          <item index="0" class="java.lang.String" itemvalue="q2-sdk" />
          <item index="1" class="java.lang.String" itemvalue="q2-cores" />
          <item index="2" class="java.lang.String" itemvalue="Sphinx" />
          <item index="3" class="java.lang.String" itemvalue="q2-marketplace" />
          <item index="4" class="java.lang.String" itemvalue="pymssql" />
          <item index="5" class="java.lang.String" itemvalue="q2msg" />
        </list>
      </value>
    </option>
  </inspection_tool>
  <inspection_tool class="TsLint" enabled="true" level="WARNING" enabled_by_default="true" />
</profile>