<application>
  <component name="dataSourceStorage" format="xml" multifile-model="true">
    <data-source source="LOCAL" name="Sandbox 1435" uuid="0462582e-e013-4fa0-9bf1-a37e39b68b86">
      <driver-ref>sqlserver.ms</driver-ref>
      <synchronize>true</synchronize>
      <jdbc-driver>com.microsoft.sqlserver.jdbc.SQLServerDriver</jdbc-driver>
      <jdbc-url>jdbc:sqlserver://localhost:1435</jdbc-url>
      <working-dir>$ProjectFileDir$</working-dir>
    </data-source>
    <data-source source="LOCAL" name="Sandbox 1436" uuid="10d10a8f-e2ad-47ad-bd27-6af4bc42bee3">
      <driver-ref>sqlserver.ms</driver-ref>
      <synchronize>true</synchronize>
      <jdbc-driver>com.microsoft.sqlserver.jdbc.SQLServerDriver</jdbc-driver>
      <jdbc-url>jdbc:sqlserver://localhost:1436</jdbc-url>
      <working-dir>$ProjectFileDir$</working-dir>
    </data-source>
    <data-source source="LOCAL" name="Sandbox 1433" uuid="0b703b58-4647-4d86-92a0-c10c9d2c37de">
      <driver-ref>sqlserver.ms</driver-ref>
      <synchronize>true</synchronize>
      <jdbc-driver>com.microsoft.sqlserver.jdbc.SQLServerDriver</jdbc-driver>
      <jdbc-url>jdbc:sqlserver://localhost:1433</jdbc-url>
      <working-dir>$ProjectFileDir$</working-dir>
    </data-source>
    <data-source source="LOCAL" name="Sandbox 1437" uuid="ce22da5c-4745-4382-ace2-f44132aa10a4">
      <driver-ref>sqlserver.ms</driver-ref>
      <synchronize>true</synchronize>
      <jdbc-driver>com.microsoft.sqlserver.jdbc.SQLServerDriver</jdbc-driver>
      <jdbc-url>jdbc:sqlserver://localhost:1437</jdbc-url>
      <working-dir>$ProjectFileDir$</working-dir>
    </data-source>
    <data-source source="LOCAL" name="Sandbox 1434" uuid="cb4167b3-6a09-4da9-9ffe-7efc22194a82">
      <driver-ref>sqlserver.ms</driver-ref>
      <synchronize>true</synchronize>
      <jdbc-driver>com.microsoft.sqlserver.jdbc.SQLServerDriver</jdbc-driver>
      <jdbc-url>jdbc:sqlserver://localhost:1434</jdbc-url>
      <working-dir>$ProjectFileDir$</working-dir>
    </data-source>
    <data-source source="LOCAL" name="Dev Server" uuid="43fce76e-5787-4dca-8785-2e263d3311fb">
      <driver-ref>sqlserver.ms</driver-ref>
      <synchronize>true</synchronize>
      <jdbc-driver>com.microsoft.sqlserver.jdbc.SQLServerDriver</jdbc-driver>
      <jdbc-url>jdbc:sqlserver://10.115.4.21:1433</jdbc-url>
      <working-dir>$ProjectFileDir$</working-dir>
    </data-source>
    <data-source source="LOCAL" name="Sandbox 1438" uuid="08add7c7-cd0d-46e7-91e8-63f812624457">
      <driver-ref>sqlserver.ms</driver-ref>
      <synchronize>true</synchronize>
      <jdbc-driver>com.microsoft.sqlserver.jdbc.SQLServerDriver</jdbc-driver>
      <jdbc-url>jdbc:sqlserver://localhost:1438</jdbc-url>
      <working-dir>$ProjectFileDir$</working-dir>
    </data-source>
    <data-source source="LOCAL" name="AUS-DB-DEV-01" uuid="567ca089-1fb8-4022-afda-17c2e8a154a6">
      <driver-ref>sqlserver.ms</driver-ref>
      <synchronize>true</synchronize>
      <jdbc-driver>com.microsoft.sqlserver.jdbc.SQLServerDriver</jdbc-driver>
      <jdbc-url>jdbc:sqlserver://AUS-DB-DEV-01:1433</jdbc-url>
      <working-dir>$ProjectFileDir$</working-dir>
    </data-source>
    <data-source source="LOCAL" name="AUS-DB-DEV-02" uuid="180d56ec-fc56-42e6-970d-cb3996ff73d3">
      <driver-ref>sqlserver.ms</driver-ref>
      <synchronize>true</synchronize>
      <jdbc-driver>com.microsoft.sqlserver.jdbc.SQLServerDriver</jdbc-driver>
      <jdbc-url>jdbc:sqlserver://AUS-DB-DEV-02:1433</jdbc-url>
      <working-dir>$ProjectFileDir$</working-dir>
    </data-source>
    <data-source source="LOCAL" name="Sandbox 1439" uuid="3516afef-efdc-4e89-8543-bf86408987cc">
      <driver-ref>sqlserver.ms</driver-ref>
      <synchronize>true</synchronize>
      <jdbc-driver>com.microsoft.sqlserver.jdbc.SQLServerDriver</jdbc-driver>
      <jdbc-url>jdbc:sqlserver://localhost:1439</jdbc-url>
      <working-dir>$ProjectFileDir$</working-dir>
    </data-source>
    <data-source source="LOCAL" name="Sandbox 1440" uuid="3c6269a7-3450-4e9f-8300-9434f2556662">
      <driver-ref>sqlserver.ms</driver-ref>
      <synchronize>true</synchronize>
      <jdbc-driver>com.microsoft.sqlserver.jdbc.SQLServerDriver</jdbc-driver>
      <jdbc-url>jdbc:sqlserver://localhost:1440</jdbc-url>
      <working-dir>$ProjectFileDir$</working-dir>
    </data-source>
    <data-source source="LOCAL" name="auswdevdb03" uuid="e0a02599-80e3-494e-b202-dab462d09949">
      <driver-ref>sqlserver.ms</driver-ref>
      <synchronize>true</synchronize>
      <jdbc-driver>com.microsoft.sqlserver.jdbc.SQLServerDriver</jdbc-driver>
      <jdbc-url>jdbc:sqlserver://auswdevdb03:1433</jdbc-url>
      <working-dir>$ProjectFileDir$</working-dir>
    </data-source>
    <data-source source="LOCAL" name="Sandbox 1444" uuid="21f5f12d-9d4f-4554-bc54-52e799498753">
      <driver-ref>sqlserver.ms</driver-ref>
      <synchronize>true</synchronize>
      <jdbc-driver>com.microsoft.sqlserver.jdbc.SQLServerDriver</jdbc-driver>
      <jdbc-url>jdbc:sqlserver://localhost:1444</jdbc-url>
      <working-dir>$ProjectFileDir$</working-dir>
    </data-source>
    <data-source source="LOCAL" name="Sandbox 1441" uuid="ab981529-c036-4e54-bee3-a8127d9966ff">
      <driver-ref>sqlserver.ms</driver-ref>
      <synchronize>true</synchronize>
      <jdbc-driver>com.microsoft.sqlserver.jdbc.SQLServerDriver</jdbc-driver>
      <jdbc-url>jdbc:sqlserver://localhost:1440</jdbc-url>
      <working-dir>$ProjectFileDir$</working-dir>
    </data-source>
    <data-source source="LOCAL" name="Sandbox 1445" uuid="234e5d0c-01cc-4ee8-9d96-1ecd5d94bf52">
      <driver-ref>sqlserver.ms</driver-ref>
      <synchronize>true</synchronize>
      <jdbc-driver>com.microsoft.sqlserver.jdbc.SQLServerDriver</jdbc-driver>
      <jdbc-url>jdbc:sqlserver://localhost:1445</jdbc-url>
      <working-dir>$ProjectFileDir$</working-dir>
    </data-source>
  </component>
</application>