<application>
  <component name="LocalDatabaseDriverManager" version="201">
    <driver id="sqlserver.ms">
      <artifact id="SQL Server" name="SQL Server" use="true" version="11.2.1" />
    </driver>
    <driver id="sqlserver.jtds">
      <artifact />
      <artifact id="jTDS SQL Server and Sybase" name="jTDS SQL Server and Sybase" use="true" version="1.3.1.1" />
    </driver>
    <driver id="mysql.8">
      <artifact />
      <artifact id="MySQL ConnectorJ" name="MySQL ConnectorJ" use="true" version="8.0.25" />
    </driver>
    <driver id="postgresql">
      <artifact id="PostgreSQL" name="PostgreSQL" use="true" version="42.5.0" />
    </driver>
  </component>
</application>