<application>
  <component name="XDebuggerSettings">
    <data-views />
    <general />
    <debuggers>
      <debugger id="ObjectiveC">
        <configuration>
          <nt-symbol-settings />
        </configuration>
      </debugger>
      <debugger id="Rust">
        <configuration>
          <option name="lldbPath" value="$USER_HOME$/Library/Caches/JetBrains/PyCharm2022.2/intellij-rust/lldb" />
        </configuration>
      </debugger>
      <debugger id="javascript">
        <configuration>
          <custom-object-presentation />
        </configuration>
      </debugger>
    </debuggers>
  </component>
</application>